store_id,has_any_constraint,has_day_constraint,excluded_days_str,exclude_holidays,has_time_constraint,time_constraint,has_fleet_constraint,max_tonnage,delivery_remark,specific_constraint
B001,False,False,,False,False,,False,,,
B002,False,False,,False,False,,False,,,
B003,False,False,,False,False,,False,,,
B005,False,False,,False,False,,False,,,
B006,False,False,,False,False,,False,,,
B007,True,True,"Saturday,Sunday",True,False,,False,,Not suitable receive stock on weekend and PH,
B009,False,False,,False,False,,False,,,
B010,False,False,,False,False,,False,,early inform 1 day before receive stock,
B012,True,False,,False,True,No unloading at store: Daily - after 10:30am,False,,Must start loading 10am or 10.30am (lift share with other tenant and lift too small),
B013,False,False,,False,False,,False,,,
B014,False,False,,False,False,,False,,Loading at store main entrance,
B015,False,False,,False,False,,False,,,
B017,True,True,Sunday,True,False,,False,,Not suitable receive stock on Sunday and PH,
B018,False,False,,False,False,,False,,,
B019,False,False,,False,False,,False,,,
B020,False,False,,False,False,,False,,,
B021,False,False,,False,False,,False,,,
B022,True,True,"Saturday,Sunday",True,False,,False,,"Mall not allowed, timing limited during weekend",
B023,False,False,,False,False,,False,,,
B024,False,False,,False,False,,False,,Limitation ctn receive = 100ctn,
B025,False,False,,False,False,,False,,,
B026,False,False,,False,False,,False,,,
B027,False,False,,False,False,,False,,,
B028,False,False,,False,False,,False,,,
B029,False,False,,False,False,,False,,,
B030,True,False,,False,False,,True,1.0,Only 1 ton lorry allowed,
B031,False,False,,False,False,,False,,,
B032,False,False,,False,False,,False,,,
B033,False,False,,False,False,,False,,,
B034,False,False,,False,False,,False,,Temporary renovation at loading bay for 6 months (Mall loading lift closed on 4pm),
B035,False,False,,False,False,,False,,,
B037,False,False,,False,False,,False,,,
B038,False,False,,False,False,,False,,,
B039,False,False,,False,False,,False,,,
B041,False,False,,False,False,,False,,,
B042,False,False,,False,False,,False,,,
B043,True,False,,False,False,,True,2.0,boleh terima 2 tan lorry (for parking area),
B044,False,False,,False,False,,False,,,
B045,False,False,,True,False,,False,,PH delivery requires 1 day's notice,
B046,False,False,,False,False,,False,,,
B047,False,False,,False,False,,False,,,
B048,True,False,,False,True,No unloading at store: Daily - 12:30pm to 2:30pm,False,,Everyday 12.30pm to 2.30pm loading bay closed for lunch hour.,
B049,False,False,,False,False,,False,,,
B050,False,False,,False,False,,False,,,
B051,False,False,,False,False,,False,,Focus sales due Tourist area,
B052,False,False,,False,False,,False,,,
B053,False,False,,False,False,,False,,,
B054,False,False,,False,False,,False,,,
B055,False,False,,False,False,,False,,,
B056,False,False,,False,False,,False,,,
B057,False,False,,False,False,,False,,,
B058,False,False,,False,False,,False,,,
B059,False,False,,False,False,,False,,PH need request permit,
B060,True,True,"Saturday,Sunday",True,False,,False,,"Not suitable receive stock on weekend, loading bay at Main Entrance",
B062,False,False,,False,False,,False,,,
B063,False,False,,False,False,,False,,,
B064,False,False,,False,False,,False,,,
B065,True,True,"Saturday,Sunday",True,False,,False,,"Receiving area space limited(too small), loading stock at selling floor, not situable receiving stock on weekend",
B066,False,False,,False,False,,False,,,
B067,True,True,"Saturday,Sunday",True,False,,False,,"Receiving area space limited(too small), loading stock at selling floor, not situable receiving stock on weekend",
B068,False,False,,False,False,,False,,Requested by mall to restrict time for loading stock due to safety and blocking walkway.,
B069,False,False,,False,False,,False,,,
B070,False,False,,False,False,,False,,,
B071,False,False,,False,False,,False,,,
B072,False,False,,False,False,,False,,,
B073,False,False,,False,False,,False,,,
B074,False,False,,False,False,,False,,,
B075,False,False,,False,False,,False,,,
B076,False,False,,False,False,,False,,,
B077,True,True,"Saturday,Sunday",True,False,,False,,Not suitable receive stock on weekend and PH,
B079,False,False,,False,False,,False,,,
B080,False,False,,False,False,,False,,,
B081,False,False,,False,False,,False,,,
B082,False,False,,False,False,,False,,,
B083,False,False,,False,False,,False,,,
B084,True,False,,False,False,,True,1.0,Only 1 ton lorry allowed,
B085,False,False,,False,False,,False,,,
B087,False,False,,False,False,,False,,,
B088,False,False,,False,False,,False,,,
B089,True,True,"Saturday,Sunday",True,False,,False,,Not suitable receive stock on weekend and PH,
B090,False,False,,False,False,,False,,,
C001,True,False,,False,True,No unloading at store: Friday - 12:30pm to 2:30pm,False,,Friday : Break time 12.30pm - 2.30pm,
C002,False,False,,False,False,,False,,,
C003,True,False,,False,True,No unloading at store: Friday - 12:30pm to 2:30pm,False,,Friday : Break time 12.30pm - 2.30pm,
C005,False,False,,False,False,,False,,,
C006,True,False,,False,True,No unloading at store: Friday - 12:30pm to 2:30pm,False,,Friday : Break time 12.30pm - 2.30pm,
C007,True,False,,False,True,No unloading at store: Daily - after 10:00am,False,,"Follows mall standard receiving time, only can receive trip at 8am-10am daily.",
C008,True,False,,False,True,No unloading at store: Friday - 12:30pm to 2:30pm,False,,Friday : Break time 12.30pm - 2.30pm,
C009,False,False,,False,False,,False,,,
C010,True,False,,False,True,No unloading at store: Friday - 12:30pm to 2:30pm,False,,Friday : Break time 12.30pm - 2.30pm,
C011,True,False,,False,True,No unloading at store: Friday - 12:30pm to 2:30pm,False,,Friday : Break time 12.30pm - 2.30pm,
C012,True,False,,False,True,No unloading at store: Friday - 12:30pm to 2:30pm,False,,Friday : Break time 12.30pm - 2.30pm,
C013,True,False,,False,True,No unloading at store: Friday - 12:30pm to 2:30pm,False,,Friday : Break time 12.30pm - 2.30pm,
C014,True,False,,False,True,No unloading at store: Friday - 12:30pm to 2:30pm,False,,Friday : Break time 12.30pm - 2.30pm,
C015,True,False,,False,True,No unloading at store: Friday - 12:30pm to 2:30pm,False,,Friday : Break time 12.30pm - 2.30pm,
C016,True,False,,False,True,No unloading at store: Friday - 12:30pm to 2:30pm,False,,Friday : Break time 12.30pm - 2.30pm,
C017,True,False,,False,True,No unloading at store: Friday - 12:30pm to 2:30pm,False,,Friday : Break time 12.30pm - 2.30pm,
C018,True,False,,False,True,No unloading at store: Friday - 12:30pm to 2:30pm,False,,Friday : Break time 12.30pm - 2.30pm,
C019,True,False,,False,True,No unloading at store: Friday - 12:30pm to 2:30pm,False,,Friday : Break time 12.30pm - 2.30pm,
C020,True,False,,False,True,No unloading at store: Friday - 12:30pm to 2:30pm,False,,Friday : Break time 12.30pm - 2.30pm,
C021,True,False,,False,True,No unloading at store: Friday - 12:30pm to 2:30pm,False,,Friday : Break time 12.30pm - 2.30pm,
C023,True,False,,False,True,No unloading at store: Friday - 12:30pm to 2:30pm,False,,Friday : Break time 12.30pm - 2.30pm,
C024,True,False,,False,True,No unloading at store: Friday - 12:30pm to 2:30pm,False,,Friday : Break time 12.30pm - 2.30pm,
C025,True,False,,False,True,No unloading at store: Friday - 12:30pm to 2:30pm,False,,Friday : Break time 12.30pm - 2.30pm,
C026,True,False,,False,True,No unloading at store: Friday - 12:30pm to 2:30pm,False,,Friday : Break time 12.30pm - 2.30pm,
C027,True,False,,False,True,No unloading at store: Friday - 12:30pm to 2:30pm,False,,Friday : Break time 12.30pm - 2.30pm,
C028,True,False,,False,True,No unloading at store: Friday - 12:30pm to 2:30pm,False,,Friday : Break time 12.30pm - 2.30pm,
C029,True,False,,False,True,No unloading at store: Friday - 12:30pm to 2:30pm,False,,Friday : Break time 12.30pm - 2.30pm,
C030,True,False,,False,True,No unloading at store: Friday - 12:30pm to 2:30pm,False,,Friday : Break time 12.30pm - 2.30pm,
C031,True,False,,False,True,No unloading at store: Friday - 12:30pm to 2:30pm,False,,Friday : Break time 12.30pm - 2.30pm,
C032,True,True,"Saturday,Sunday",True,False,,False,,"Weekend and PH cannot receive stock, under 
Royal Malaysian Customs Department ",
C033,True,False,,False,True,No unloading at store: Friday - 12:30pm to 2:30pm,False,,Friday : Break time 12.30pm - 2.30pm,
C034,True,False,,False,True,No unloading at store: Friday - 12:30pm to 2:30pm,False,,Friday : Break time 12.30pm - 2.30pm,
C035,True,False,,False,True,No unloading at store: Friday - 12:30pm to 2:30pm,False,,Friday : Break time 12.30pm - 2.30pm,
C036,True,False,,False,True,No unloading at store: Friday - 12:30pm to 2:30pm,False,,Friday : Break time 12.30pm - 2.30pm,
C037,True,False,,False,True,No unloading at store: Friday - 12:30pm to 2:30pm,False,,Friday : Break time 12.30pm - 2.30pm,
C038,True,False,,False,True,No unloading at store: Friday - 12:30pm to 2:30pm,False,,Friday : Break time 12.30pm - 2.30pm,
C039,False,False,,False,False,,False,,,
C040,True,False,,False,True,No unloading at store: Friday - 12:30pm to 2:30pm,False,,Friday : Break time 12.30pm - 2.30pm,
C041,True,False,,False,True,No unloading at store: Friday - 12:30pm to 2:30pm,False,,Friday : Break time 12.30pm - 2.30pm,
C042,True,False,,False,True,No unloading at store: Friday - 12:30pm to 2:30pm,False,,Friday : Break time 12.30pm - 2.30pm,
C043,True,False,,False,True,No unloading at store: Friday - 12:30pm to 2:30pm,False,,Friday : Break time 12.30pm - 2.30pm,
C044,True,False,,False,True,No unloading at store: Friday - 12:30pm to 2:30pm,False,,Friday : Break time 12.30pm - 2.30pm,
C045,True,False,,False,True,No unloading at store: Friday - 12:30pm to 2:30pm,False,,Friday : Break time 12.30pm - 2.30pm,
C047,True,False,,False,True,No unloading at store: Friday - 12:30pm to 2:30pm,False,,Friday : Break time 12.30pm - 2.30pm,
C048,False,False,,False,False,,False,,,
C049,True,False,,False,True,No unloading at store: Friday - 12:30pm to 2:30pm,False,,Friday : Break time 12.30pm - 2.30pm,
C050,True,False,,False,True,No unloading at store: Friday - 12:30pm to 2:30pm,False,,Friday : Break time 12.30pm - 2.30pm,
C051,True,False,,False,True,No unloading at store: Friday - 12:30pm to 2:30pm,False,,Friday : Break time 12.30pm - 2.30pm,
C052,True,False,,False,True,No unloading at store: Friday - 12:30pm to 2:30pm,False,,Friday : Break time 12.30pm - 2.30pm,
C053,True,False,,False,True,No unloading at store: Friday - 12:30pm to 2:30pm,False,,Friday : Break time 12.30pm - 2.30pm,
C054,True,False,,False,True,No unloading at store: Friday - 12:30pm to 2:30pm,False,,Friday : Break time 12.30pm - 2.30pm,
C055,True,False,,False,True,No unloading at store: Friday - 12:30pm to 2:30pm,False,,Friday : Break time 12.30pm - 2.30pm,
C056,True,False,,False,True,No unloading at store: Friday - 12:30pm to 2:30pm,False,,Friday : Break time 12.30pm - 2.30pm,
C057,False,False,,False,False,,False,,,
C058,True,False,,False,True,No unloading at store: Friday - 12:30pm to 2:30pm,False,,Friday : Break time 12.30pm - 2.30pm,
C059,True,False,,False,True,No unloading at store: Friday - 12:30pm to 2:30pm,False,,Friday : Break time 12.30pm - 2.30pm,
C060,True,False,,False,True,"No unloading at store: Friday - 12:30pm to 2:30pm, Thursday - 8:00am to 12:00pm",False,,Friday : Break time 12.30pm - 2.30pm / 8am - 12pm Every thursday have a pasar tani nearby store,
C061,True,False,,False,True,No unloading at store: Friday - 12:30pm to 2:30pm,False,,Friday : Break time 12.30pm - 2.30pm,
C062,True,False,,False,True,No unloading at store: Friday - 12:30pm to 2:30pm,False,,Friday : Break time 12.30pm - 2.30pm,
C063,True,False,,False,True,No unloading at store: Friday - 12:30pm to 2:30pm,False,,Friday : Break time 12.30pm - 2.30pm,
C064,False,False,,False,False,,False,,,
C065,True,False,,False,True,No unloading at store: Friday - 12:30pm to 2:30pm,False,,Friday : Break time 12.30pm - 2.30pm,
C066,False,False,,False,False,,False,,,
C067,True,False,,False,True,No unloading at store: Friday - 12:30pm to 2:30pm,False,,Friday : Break time 12.30pm - 2.30pm,
C068,False,False,,True,False,,False,,No receiving on PH,
C069,True,False,,False,True,No unloading at store: Friday - 12:30pm to 2:30pm,False,,Friday : Break time 12.30pm - 2.30pm,
C070,True,False,,False,True,No unloading at store: Friday - 12:30pm to 2:30pm,False,,Friday : Break time 12.30pm - 2.30pm,
C071,True,False,,False,True,No unloading at store: Friday - 12:30pm to 2:30pm,False,,Friday : Break time 12.30pm - 2.30pm,
C072,False,False,,False,False,,False,,,
C073,False,False,,False,False,,False,,,
C074,True,False,,False,True,No unloading at store: Friday - 12:30pm to 2:30pm,False,,Friday : Break time 12.30pm - 2.30pm,
C075,False,False,,False,False,,False,,,
C076,True,False,,False,True,No unloading at store: Friday - 12:30pm to 2:30pm,False,,Friday : Break time 12.30pm - 2.30pm,
C077,True,False,,False,True,No unloading at store: Friday - 12:30pm to 2:30pm,False,,Friday : Break time 12.30pm - 2.30pm,
C078,True,False,,False,True,No unloading at store: Friday - 12:30pm to 2:30pm,False,,Friday : Break time 12.30pm - 2.30pm,
C079,True,False,,False,True,No unloading at store: Friday - 12:30pm to 2:30pm,False,,Friday : Break time 12.30pm - 2.30pm,
C080,True,False,,False,True,No unloading at store: Friday - 12:30pm to 2:30pm,False,,Friday : Break time 12.30pm - 2.30pm,
C081,False,False,,False,False,,False,,,
C082,False,False,,False,False,,False,,,
C083,False,False,,False,False,,False,,,
C084,False,False,,False,False,,False,,,
C085,False,False,,False,False,,False,,,
C086,False,False,,False,False,,False,,,
C087,False,False,,False,False,,False,,,
C088,False,False,,False,False,,False,,,
C089,False,False,,False,False,,False,,,
C090,False,False,,False,False,,False,,,
C091,False,False,,False,False,,False,,,
C092,False,False,,False,False,,False,,,
C093,False,False,,False,False,,False,,,
C094,False,False,,False,False,,False,,,
C095,False,False,,False,False,,False,,,
C096,False,False,,False,False,,False,,,
C097,False,False,,False,False,,False,,,
C098,False,False,,False,False,,False,,,
C099,False,False,,False,False,,False,,,
C100,False,False,,False,False,,False,,,
C101,False,False,,False,False,,False,,,
C102,False,False,,False,False,,False,,,
C103,False,False,,False,False,,False,,,
D002,False,False,,False,False,,False,,,
D004,True,True,"Saturday,Sunday",False,False,,False,,No receiving on weekends,
DA01,False,False,,False,False,,False,,,
DA03,False,False,,False,False,,False,,,
DB01,True,True,"Saturday,Sunday",True,False,,False,,"Receiving area space limited(too small), loading stock at selling floor, not situable receiving stock on weekend",
DB02,False,False,,False,False,,False,,,
DB07,False,False,,False,False,,False,,Loading at the parking area,
DB08,False,False,,False,False,,False,,,
DB09,False,False,,False,False,,False,,,
DB11,True,True,"Saturday,Sunday",True,False,,False,,"Not suitable receive stock on weekend, loading bay at Main Entrance",
DD03,True,False,,False,True,No unloading at store: Friday - 12:30pm to 2:30pm,False,,Friday : Break time 12.30pm - 2.30pm,
DJ08,False,False,,False,False,,False,,,
DJ11,False,False,,False,False,,False,,,
DJ13,False,False,,False,False,,False,,,
DJ15,False,False,,False,False,,False,,,
DJ16,False,False,,False,False,,False,,,
DP02,False,False,,False,False,,False,,,
DQ01,False,False,,False,False,,False,,,
DQ03,False,False,,False,False,,False,,,
DT01,False,False,,False,False,,False,,,
DW03,False,False,,False,False,,False,,,
EA01,False,False,,False,False,,False,,,
EA02,False,False,,False,False,,False,,,
EA04,False,False,,False,False,,False,,,
EA05,False,False,,False,False,,False,,,
EA06,True,False,,False,True,No unloading at store: Wednesday - before 1:00pm,False,,EVERY WEDNESDAY HAVE PASAR PAGI FROM 7am to 1pm,
EA07,False,False,,False,False,,False,,,
EA08,False,False,,False,False,,False,,,
EA09,False,False,,False,False,,False,,,
EA10,False,False,,False,False,,False,,,
EA11,False,False,,False,False,,False,,,
EA12,False,False,,False,False,,False,,,
EA13,False,False,,False,False,,False,,,
EB01,True,True,"Saturday,Sunday",False,False,,False,,No delivery on weekend,
EB02,True,True,"Saturday,Sunday",False,False,,False,,No delivery on weekend,
EB03,True,False,,False,False,,True,1.0,Lorry 1 ton only,
EB04,False,False,,False,False,,False,,,
EB05,False,False,,False,False,,False,,,
EB06,False,False,,False,False,,False,,,
EB07,True,False,,False,True,No unloading at store: Monday - after 4:00pm,False,,MONDAY ADA PASANG MALAM,
EB08,False,False,,False,False,,False,,,
EB09,False,False,,False,False,,False,,,
EB10,False,False,,False,False,,False,,,
EB11,False,False,,False,False,,False,,,
EB12,False,False,,False,False,,False,,,
EB13,False,False,,False,False,,False,,,
EB14,False,False,,False,False,,False,,,
EC01,False,False,,False,False,,False,,,
EC02,False,False,,True,False,,False,,No receiving on PH,
EC03,False,False,,False,False,,False,,,
EC04,False,False,,False,False,,False,,,
EC05,False,False,,False,False,,False,,,
EC06,False,False,,False,False,,False,,,
EC07,False,False,,False,False,,False,,,
ED01,True,False,,False,True,No unloading at store: Friday - 12:30pm to 2:30pm,False,,Friday : Break time 12.30pm - 2.30pm,
EJ01,False,False,,False,False,,False,,,
EJ02,False,False,,False,False,,False,,,
EJ03,False,False,,False,False,,False,,,
EJ05,False,False,,False,False,,False,,,
EJ06,False,False,,False,False,,False,,,
EJ07,False,False,,False,False,,False,,,
EJ08,False,False,,False,False,,False,,,
EJ09,False,False,,False,False,,False,,,
EJ10,False,False,,False,False,,False,,,
EJ11,False,False,,False,False,,False,,,
EJ12,False,False,,False,False,,False,,,
EJ13,False,False,,False,False,,False,,,
EJ14,False,False,,False,False,,False,,,
EK01,True,False,,False,True,"No unloading at store: Friday - after 10:00am, Saturday - after 10:00am",False,,Friday and Saturday suggest transportation to arrived early to avoid loading bay congestion.,
EK02,True,True,"Saturday,Sunday",True,False,,False,,No receiving on Saturday & PH,
EK03,False,False,,True,False,,False,,No receiving on PH,
EK04,True,False,,False,True,No unloading at store: Friday - 12:30pm to 2:30pm,False,,Friday : Break time 12.30pm - 2.30pm,
EK05,False,False,,False,False,,False,,,
EK07,True,True,Sunday,True,False,,False,,No receiving on Sunday & PH,
EK08,False,False,,False,False,,False,,,
EK09,False,False,,False,False,,False,,,
EK10,False,False,,False,False,,False,,,
EK11,False,False,,False,False,,False,,,
EK12,False,False,,False,False,,False,,,
EK13,False,False,,False,False,,False,,,
EM01,False,False,,False,False,,False,,,
EM04,False,False,,False,False,,False,,Loading at main entrance,
EM05,False,False,,False,False,,False,,,
EM06,False,False,,False,False,,False,,,
EM07,False,False,,False,False,,False,,,
EM08,False,False,,False,False,,False,,,
EM09,False,False,,False,False,,False,,,
EN01,False,False,,False,False,,False,,Loading at ground floor (loading bay mall),
EN02,False,False,,False,False,,False,,Loading at ground floor (Loading Bay Mall),
EN03,False,False,,False,False,,False,,Loading at store main entrance.,
EN05,False,False,,False,False,,False,,,
EN06,False,False,,False,False,,False,,,
EN07,False,False,,False,False,,False,,,
EN08,False,False,,False,False,,False,,,
EN09,False,False,,False,False,,False,,,
EN10,False,False,,False,False,,False,,,
EP01,False,False,,False,False,,False,,,
EP02,False,False,,False,False,,False,,,
EP03,False,False,,False,False,,False,,,
EP04,False,False,,False,False,,False,,,
EP05,False,False,,False,False,,False,,,
EP06,False,False,,False,False,,False,,,
EP07,False,False,,False,False,,False,,,
ER01,False,False,,False,False,,False,,,
ER02,False,False,,False,False,,False,,,
ET01,True,False,,False,True,No unloading at store: Friday - 12:30pm to 2:30pm,False,,Friday : Break time 12.30pm - 2.30pm,
ET02,False,False,,False,False,,False,,,
ET03,False,False,,False,False,,False,,,
EW01,False,False,,False,False,,False,,,
EW02,False,False,,False,False,,False,,,
EW03,True,False,,False,False,,True,1.0,Lorry 1 ton only,
EW04,True,False,,False,False,,True,5.0,Lorry 5 ton Below only,
EW05,True,False,,False,False,,True,5.0,Lorry 5 ton Below only,
EW06,False,False,,False,False,,False,,,
EW07,False,False,,False,False,,False,,,
P001,False,False,,False,False,,False,,,
P002,True,True,Sunday,True,False,,False,,No receiving on Sunday & PH,
P003,True,True,Sunday,True,False,,False,,No receiving on Sunday & PH,
P005,False,False,,False,False,,False,,,
P007,True,True,Sunday,True,False,,False,,Bazaar Ramadhan everyday from 2.30pm till night. No receiving on Sunday & PH,
P010,False,False,,False,False,,False,,,
P011,False,False,,False,False,,False,,,
P012,True,True,"Saturday,Sunday",True,False,,False,,No receiving on weekends & PH,
P014,False,False,,False,False,,False,,,
P015,True,True,"Saturday,Sunday",True,False,,False,,No receiving on Saturday & PH,
P016,False,False,,True,False,,False,,No receiving on PH,
P017,True,True,Sunday,True,False,,False,,No receiving on Sunday & PH,
P018,False,False,,False,False,,False,,,
P020,True,True,Sunday,True,False,,False,,No receiving on Sunday & PH,
P021,False,False,,False,False,,False,,,
P022,False,False,,False,False,,False,,,
P025,False,False,,False,False,,False,,,
P026,False,False,,False,False,,False,,,
P027,False,False,,False,False,,False,,,
P029,False,False,,False,False,,False,,Wednesday suggest transportation to arrived early to avoid congestion. (Pasar Malam every Wednesday),
P031,False,False,,False,False,,False,,,
P032,False,False,,False,False,,False,,,
P033,True,True,Sunday,True,False,,False,,No receiving on Sunday & PH,
P034,False,False,,False,False,,False,,,
P037,False,False,,False,False,,False,,,
P040,True,True,Sunday,True,False,,False,,No receiving on Sunday & PH,
P041,False,False,,False,False,,False,,Mall not allow,
P042,False,False,,False,False,,False,,Mall not allow,
P043,False,False,,False,False,,False,,Mall not allow,
P044,True,True,"Saturday,Sunday",True,False,,False,,"1 hour before the lorry arrives must to inform store cause store need fill in form permit for loading stock, weekend & PH not allowed receive stock",
P045,False,False,,False,False,,False,,Mall not allow,
P046,False,False,,False,False,,False,,,
P047,False,False,,False,False,,False,,,
P049,True,True,"Saturday,Sunday",True,False,,False,,No receiving on weekends & PH,
P050,False,False,,True,False,,False,,No receiving on PH,
P051,False,False,,False,False,,False,,,
P052,True,True,"Saturday,Sunday",True,False,,False,,No receiving on weekends & PH,
P054,False,False,,False,False,,False,,,
P055,False,False,,False,False,,False,,,
P056,False,False,,True,False,,False,,No receiving on PH,
P061,True,True,"Saturday,Sunday",True,False,,False,,No receiving in weekends & PH,
P064,False,False,,False,False,,False,,,
P065,False,False,,True,False,,False,,No receiving on PH,
P068,False,False,,True,False,,False,,No receiving on PH,
P069,False,False,,False,False,,False,,,
P070,True,True,Sunday,False,False,,False,,No receiving on Sunday,
P071,False,False,,False,False,,False,,,
P073,True,True,Sunday,False,False,,False,,No receiving on Sunday,
P074,False,False,,False,False,,False,,,
P077,False,False,,False,False,,False,,,
P082,False,False,,False,False,,False,,,
P083,True,True,"Saturday,Sunday",True,False,,False,,No receiving in weekends & PH,
P086,True,True,Sunday,True,False,,False,,No receiving on Sunday & PH,
P088,True,True,Sunday,True,False,,False,,No receiving on Sunday & PH,
P091,False,False,,False,False,,False,,Mall not allow,
P092,True,True,Sunday,False,False,,False,,No receiving on Sunday,
P093,True,True,Sunday,False,False,,False,,No receiving on Sunday,
P094,False,False,,False,False,,False,,,
P095,True,True,"Saturday,Sunday",True,False,,False,,No receiving in weekends & PH,
P096,False,False,,False,False,,False,,,
P097,True,True,Sunday,True,False,,False,,No receiving on Sunday & PH,
P098,True,True,Sunday,False,False,,False,,No receiving on Sunday,
P099,False,False,,True,False,,False,,No receiving on PH,
P100,True,True,Sunday,True,False,,False,,No receiving on Sunday & PH,
P101,False,False,,False,False,,False,,,
P102,False,False,,False,False,,False,,,
P103,False,False,,True,False,,False,,No receiving on PH,
P104,False,False,,False,False,,False,,,
P105,False,False,,False,False,,False,,,
P106,False,False,,False,False,,False,,,
P107,False,False,,False,False,,False,,,
P108,False,False,,False,False,,False,,,
P109,False,False,,False,False,,False,,,
P110,True,True,Sunday,True,False,,False,,No receiving on Sunday & PH,
P111,False,False,,False,False,,False,,,
P112,False,False,,False,False,,False,,"Wed & Sat have Pasar Malam (road will packed and it only one way to exit PAB), No receiving on PH",
P113,False,False,,False,False,,False,,,
P114,False,False,,False,False,,False,,,
P115,True,False,,False,True,"No unloading at store: Monday - 8:00am to 1:00pm, Thursday - 4:30pm to 9:00pm",False,,Monday have Pasar Pagi from 8:00AM-1:00PM & Thursday have Pasar Malam from 4:30PM - 9:00PM ( Road surounding Store tottaly closed),
P116,False,False,,False,False,,False,,,
P117,False,False,,False,False,,False,,,
P118,False,False,,True,False,,False,,No receiving on PH,
P119,False,False,,False,False,,False,,,
P120,False,False,,False,False,,False,,,
P121,False,False,,True,False,,False,,No receiving on PH,
P122,False,False,,False,False,,False,,,
P123,False,False,,False,False,,False,,,
P124,True,True,"Saturday,Sunday",True,False,,False,,No delivery on weekend & PH,
P125,False,False,,False,False,,False,,,
P126,False,False,,False,False,,False,,,
P127,False,False,,False,False,,False,,,
P128,False,False,,True,False,,False,,No receiving in PH,
P129,False,False,,True,False,,False,,No receiving on PH,
P130,False,False,,False,False,,False,,,
P131,False,False,,False,False,,False,,,
P132,False,False,,False,False,,False,,,
P133,False,False,,True,False,,False,,No receiving in PH,
P134,False,False,,False,False,,False,,,
P135,False,False,,False,False,,False,,,
P136,False,False,,False,False,,False,,,
P137,False,False,,False,False,,False,,,
P138,False,False,,False,False,,False,,,
P139,False,False,,False,False,,False,,,
P140,False,False,,False,False,,False,,,
P141,False,False,,False,False,,False,,,
P142,False,False,,False,False,,False,,,
P143,False,False,,False,False,,False,,,
P144,False,False,,False,False,,False,,,
P145,False,False,,False,False,,False,,,
P146,False,False,,False,False,,False,,,
P147,False,False,,False,False,,False,,,
P148,False,False,,False,False,,False,,,
P149,False,False,,False,False,,False,,,
P150,False,False,,False,False,,False,,,
P151,False,False,,False,False,,False,,,
P152,False,False,,False,False,,False,,,
P153,False,False,,False,False,,False,,,
P154,False,False,,False,False,,False,,,
P155,False,False,,False,False,,False,,,
P156,False,False,,False,False,,False,,,
P157,False,False,,False,False,,False,,,
P158,False,False,,False,False,,False,,,
P159,False,False,,False,False,,False,,,
P160,False,False,,False,False,,False,,,
P161,False,False,,False,False,,False,,,
P162,False,False,,False,False,,False,,,
P163,False,False,,False,False,,False,,,
P164,False,False,,False,False,,False,,,
P165,False,False,,False,False,,False,,,
P166,False,False,,False,False,,False,,,
P167,False,False,,False,False,,False,,,
P168,False,False,,False,False,,False,,,
P169,False,False,,False,False,,False,,,
P170,False,False,,False,False,,False,,,
P171,False,False,,False,False,,False,,,
P172,False,False,,False,False,,False,,,
P173,False,False,,False,False,,False,,,
P176,False,False,,False,False,,False,,,
PD01,False,False,,False,False,,False,,,
PD02,True,True,Sunday,True,False,,False,,No receiving on Sunday & PH,
PD03,False,False,,False,False,,False,,,
PD04,False,False,,False,False,,False,,,
PD05,True,True,"Saturday,Sunday",False,False,,False,,No receiving on Saturday,
PD06,True,True,"Saturday,Sunday",True,False,,False,,No receiving in weekends & PH,
PD07,False,False,,True,False,,False,,No receiving on PH,
PD08,False,False,,False,False,,False,,,
PD09,False,False,,False,False,,False,,,
PD10,False,False,,False,False,,False,,,
PD11,False,False,,False,False,,False,,,
PD12,True,True,"Saturday,Sunday",False,False,,False,,No receiving on Saturday,
PD13,False,False,,False,False,,False,,,
PD14,False,False,,False,False,,False,,,
PD16,False,False,,False,False,,False,,,
PD17,False,False,,True,False,,False,,No receiving on PH,
PD18,False,False,,False,False,,False,,,
PD19,False,False,,False,False,,False,,,
PD20,False,False,,False,False,,False,,,
PD21,True,True,"Saturday,Sunday",True,False,,False,,No receiving in weekends & PH,
PD22,False,False,,False,False,,False,,,
PD23,False,False,,False,False,,False,,,
PD24,True,True,"Saturday,Sunday",True,False,,False,,No receiving on PH,
PD25,False,False,,False,False,,False,,Please arrange transportation to arrived early to avoid parking issue.,
PD26,False,False,,False,False,,False,,,
PD27,False,False,,False,False,,False,,,
PD35,True,False,,False,False,,True,5.0,Maximum 5 tons lorry allowed,
PD36,False,False,,False,False,,False,,Loading at the parking area,
PD37,False,False,,False,False,,False,,,
PD38,True,False,,False,True,No unloading at store: Friday - 12:30pm to 2:30pm,False,,Friday : Break time 12.30pm - 2.30pm,
PD39,False,False,,False,False,,False,,,
PD40,False,False,,False,False,,False,,,
PD41,False,False,,False,False,,False,,,
Q001,False,False,,False,False,,False,,,
Q002,False,False,,False,False,,False,,,
Q005,False,False,,False,False,,False,,,
Q006,False,False,,False,False,,False,,,
Q007,False,False,,False,False,,False,,,
Q008,False,False,,False,False,,False,,,
Q009,False,False,,False,False,,False,,,
Q010,False,False,,False,False,,False,,,
Q013,False,False,,False,False,,False,,,
Q014,False,False,,False,False,,False,,,
Q015,False,False,,False,False,,False,,,
Q016,False,False,,False,False,,False,,,
Q017,False,False,,False,False,,False,,,
Q018,False,False,,False,False,,False,,,
Q019,False,False,,False,False,,False,,,
Q020,False,False,,True,False,,False,,Mall not allowed on PH day,
Q021,False,False,,False,False,,False,,,
Q022,False,False,,False,False,,False,,,
Q023,False,False,,False,False,,False,,,
Q024,False,False,,False,False,,False,,After 5pm laluan belakang store ada jualan makanan chinese,
Q025,False,False,,False,False,,False,,,
Q026,False,False,,False,False,,False,,,
Q027,False,False,,False,False,,False,,,
Q028,False,False,,False,False,,False,,,
Q029,False,False,,False,False,,False,,,
Q030,False,False,,False,False,,False,,,
Q031,False,False,,False,False,,False,,,
Q032,True,False,,False,True,No unloading at store: Tuesday - before 10:00am,False,,Morning market every Tuesday,
Q033,False,False,,False,False,,False,,,
Q034,False,False,,False,False,,False,,,
Q035,False,False,,False,False,,False,,,
Q036,False,False,,False,False,,False,,,
Q037,False,False,,False,False,,False,,,
Q038,False,False,,False,False,,False,,store change to EMLM (Mr Express),
Q039,True,True,"Saturday,Sunday",True,False,,False,,Mall not allowed on weekend and PH day,
Q040,True,False,,False,True,No unloading at store: Friday - after 4:30pm,False,,Night market every Tuesday,
Q041,False,False,,False,False,,False,,,
Q042,False,False,,False,False,,False,,Store already change to ELGK (Mr Express),
Q043,False,False,,False,False,,False,,,
Q044,False,False,,False,False,,False,,,
Q045,False,False,,False,False,,False,,,
Q046,True,False,,False,True,No unloading at store: Saturday - after 12:00pm,False,,every saturday there is night market that will block every road to store start 12pm.,
Q047,False,False,,False,False,,False,,,
Q048,True,True,"Saturday,Sunday",True,False,,False,,Mall not allowed on weekend and PH day,
Q049,False,False,,False,False,,False,,,
Q050,False,False,,False,False,,False,,,
Q051,False,False,,False,False,,False,,,
Q052,False,False,,False,False,,False,,,
Q053,False,False,,False,False,,False,,,
Q054,True,True,"Saturday,Sunday",True,False,,False,,Mall not allowed on PH day and weekend because many customer and incharge for loading bay offday,
Q055,False,False,,False,False,,False,,Store already switch to ETKP (Mr Express),
Q056,False,False,,False,False,,False,,,
Q057,False,False,,False,False,,False,,,
Q058,True,True,"Saturday,Sunday",True,False,,False,,Mall not allowed loading on weekend and PH,
Q059,False,False,,False,False,,False,,,
Q060,False,False,,False,False,,False,,,
Q061,False,False,,False,False,,False,,,
Q062,False,False,,False,False,,False,,,
Q063,True,False,,False,False,,True,5.0,Can Receive stock from 5 Tons only,
Q064,False,False,,False,False,,False,,,
Q065,False,False,,False,False,,False,,,
Q066,False,False,,False,False,,False,,,
Q067,False,False,,False,False,,False,,,
Q068,False,False,,False,False,,False,,,
Q069,False,False,,False,False,,False,,,
Q070,False,False,,False,False,,False,,,
Q071,False,False,,False,False,,False,,,
Q072,False,False,,False,False,,False,,,
Q073,False,False,,False,False,,False,,,
Q074,False,False,,False,False,,False,,,
Q075,True,False,,False,False,,True,10.0,Maximum 10 tons lorry allowed,
Q076,False,False,,False,False,,False,,,
Q077,False,False,,False,False,,False,,,
Q078,False,False,,False,False,,False,,,
Q079,False,False,,False,False,,False,,,
Q080,False,False,,False,False,,False,,,
Q081,False,False,,False,False,,False,,,
Q082,False,False,,False,False,,False,,,
Q083,False,False,,False,False,,False,,,
Q084,False,False,,False,False,,False,,"Loading at back store only, cannot loading at entrance due to got complaint from TM (lorry hit their wire cabel)",
Q085,False,False,,False,False,,False,,,
Q086,False,False,,False,False,,False,,,
Q087,False,False,,False,False,,False,,,
Q088,False,False,,False,False,,False,,,
Q090,False,False,,False,False,,False,,,
Q091,False,False,,False,False,,False,,No Isssue,
Q092,False,False,,False,False,,False,,,
Q093,False,False,,False,False,,False,,,
Q094,False,False,,False,False,,False,,,
Q095,False,False,,False,False,,False,,,
Q096,False,False,,False,False,,False,,,
Q097,False,False,,False,False,,False,,,
Q098,False,False,,False,False,,False,,,
Q099,False,False,,False,False,,False,,,
Q100,False,False,,False,False,,False,,,
Q101,False,False,,False,False,,False,,,
Q102,False,False,,False,False,,False,,,
Q103,False,False,,False,False,,False,,,
Q104,False,False,,False,False,,False,,,
Q105,False,False,,False,False,,False,,,
Q106,False,False,,False,False,,False,,,
Q107,False,False,,False,False,,False,,,
Q108,False,False,,False,False,,False,,,
Q109,False,False,,False,False,,False,,,
Q110,False,False,,False,False,,False,,,
Q112,False,False,,False,False,,False,,,
Q113,False,False,,False,False,,False,,,
Q114,False,False,,False,False,,False,,,
Q115,False,False,,False,False,,False,,,
Q116,False,False,,False,False,,False,,,
Q117,False,False,,False,False,,False,,,
Q118,False,False,,False,False,,False,,,
Q119,False,False,,False,False,,False,,,
Q120,False,False,,False,False,,False,,,
Q121,False,False,,False,False,,False,,,
Q122,False,False,,False,False,,False,,,
T001,False,False,,False,False,,False,,Only loading follow schedule mall,
T002,True,True,Saturday,False,False,,False,,,
T003,False,False,,True,False,,False,,No receiving on PH,
T004,False,False,,False,False,,False,,,
T005,False,False,,False,False,,False,,,
T006,False,False,,False,False,,False,,,
T007,False,False,,False,False,,False,,Temporary renovation at loading bay for 6 months (Mall loading lift closed on 4pm),
T008,True,False,,False,True,No unloading at store: Daily - 12:00pm to 2:00pm,False,,Cargo lift closed on 12pm to 2pm,
T009,True,False,,False,False,,True,5.0,Maximum 5 tons lorry allowed,
T010,True,True,"Saturday,Sunday",True,False,,False,,No receiving in weekends & PH,
T011,False,False,,False,False,,False,,Loading at store main entrance,
T012,False,False,,True,False,,False,,PH need request permit,
T013,False,False,,False,False,,False,,,
T014,False,False,,False,False,,False,,,
T015,True,True,"Saturday,Sunday",True,False,,False,,On weekend and PH cannot receive by container,
T016,False,False,,False,False,,False,,,
T017,True,False,,False,False,,True,10.0,Maximum 10 tons lorry allowed,
T018,False,False,,False,False,,False,,,
T019,True,False,,False,True,No unloading at store: Friday - 12:30pm to 2:30pm,False,,Friday : Break time 12.30pm - 2.30pm,
T020,True,True,"Saturday,Sunday",True,False,,False,,Not suitable receive stock on weekend and PH,
T021,False,False,,False,False,,False,,"Mall not allowed, timing limited during weekend",
T022,False,False,,False,False,,False,,,
T023,False,False,,False,False,,False,,,
T025,True,True,"Saturday,Sunday",True,False,,False,,Mall not allowed on PH day and weekend because many customer and incharge for loading bay offday,
T026,False,False,,False,False,,False,,Loading at the parking area,
T027,True,True,"Saturday,Sunday",True,False,,False,,Not suitable received stock during weekend and PH. Loading bay at level 3,
T028,False,False,,False,False,,False,,,
T030,False,False,,False,False,,False,,,
TA01,False,False,,False,False,,False,,,
TA02,False,False,,False,False,,False,,,
TB01,True,True,"Saturday,Sunday",False,False,,False,,Weekend are prohibited to receive stock by mall.,
TB02,True,True,"Saturday,Sunday",True,False,,False,,Not suitable receive stock on weekend and PH,
TB03,False,False,,False,False,,False,,,
TB04,False,False,,False,False,,False,,,
TB05,False,False,,False,False,,False,,,
TC01,False,False,,False,False,,False,,,
TC02,False,False,,False,False,,False,,,
TC03,False,False,,False,False,,False,,,
TD01,False,False,,False,False,,False,,,
TJ04,False,False,,False,False,,False,,,
TJ05,False,False,,False,False,,False,,,
TJ08,False,False,,False,False,,False,,,
TJ09,False,False,,False,False,,False,,,
TJ10,False,False,,False,False,,False,,,
TK01,True,False,,False,True,No unloading at store: Friday - 12:30pm to 2:30pm,False,,Friday : Break time 12.30pm - 2.30pm,
TK02,False,False,,False,False,,False,,,
TK03,False,False,,False,False,,False,,,
TM01,False,False,,False,False,,False,,Laoding at store coridor,
TN01,False,False,,False,False,,False,,,
TN02,False,False,,False,False,,False,,,
TN03,False,False,,False,False,,False,,,
TP01,True,True,"Saturday,Sunday",True,False,,False,,No receiving in weekends & PH,
TP02,False,False,,False,False,,False,,Mall not allow,
TP03,False,False,,False,False,,False,,,
TP04,True,True,Sunday,True,False,,False,,No receiving on Sunday & PH,
TQ01,False,False,,False,False,,False,,,
TW01,False,False,,False,False,,False,,,
TW02,False,False,,False,False,,False,,,
TW03,False,False,,False,False,,False,,Weekend are prohibited to receive stock by mall.,
ZH01,True,True,"Saturday,Sunday",True,False,,False,,Not suitable receive stock on weekend and PH,
ZH02,False,False,,False,False,,False,,,
ZH03,True,False,,False,True,No unloading at store: Daily - after 8:00pm,False,,Mall closed at 8pm,
ZH04,False,False,,False,False,,False,,,
ZH05,False,False,,False,False,,False,,,
ZH06,True,True,"Saturday,Sunday",True,False,,False,,Not suitable received stock during weekend and PH. Loading bay at level 3,
ZH07,False,False,,False,False,,False,,,
ZH08,False,False,,False,False,,False,,"Receiving area located on 3rd floor, have to use lift to transfer up hence will affect weekend customer crowd",
ZH09,False,False,,False,False,,False,,,
ZH10,False,False,,False,False,,False,,Loading at the parking area,
ZH11,True,True,Sunday,True,False,,False,,no receiving allowed on sunday & PH,
ZH12,True,False,,False,True,No unloading at store: Wednesday - after 3:00pm,False,,Wednesday only can receive until 3pm because have pasar malam,
ZH13,False,False,,False,False,,False,,,
ZH14,True,False,,False,True,No unloading at store: Daily - after 10:00am,False,,Mall approved to receive stock before 10.00am & need to apply permit loading (received after 10.00am will get penalty),
ZH15,False,False,,False,False,,False,,Loading at the parking area,
ZH16,False,False,,False,False,,False,,,
ZH17,False,False,,False,False,,False,,,
ZH18,False,False,,False,False,,False,,,
ZH20,False,False,,False,False,,False,,,
ZH21,False,False,,False,False,,False,,Loading at the parking area,
ZH22,False,False,,False,False,,False,,,
ZH23,False,False,,False,False,,False,,Loading at the parking area,
ZH24,False,False,,False,False,,False,,,
ZH25,False,False,,False,False,,False,,Loading at store main entrance,
ZH26,False,False,,False,False,,False,,,
ZH27,False,False,,False,False,,False,,,
ZH28,False,False,,False,False,,False,,,
ZH29,False,False,,False,False,,False,,,
ZH30,False,False,,False,False,,False,,,
ZH31,False,False,,False,False,,False,,,
ZH32,False,False,,False,False,,False,,,
ZH33,False,False,,False,False,,False,,,
ZH34,False,False,,False,False,,False,,,
ZH35,False,False,,False,False,,False,,,
ZH36,False,False,,False,False,,False,,Loading at receiving store side,
ZH37,False,False,,False,False,,False,,,
ZH38,False,False,,False,False,,False,,,
ZH39,False,False,,False,False,,False,,,
ZH40,False,False,,False,False,,False,,,
ZH41,False,False,,False,False,,False,,,
ZH42,False,False,,False,False,,False,,,
ZH43,False,False,,False,False,,False,,,
ZH44,False,False,,False,False,,False,,,
ZH45,False,False,,False,False,,False,,,
ZH46,False,False,,False,False,,False,,,
ZH47,False,False,,False,False,,False,,,
ZH48,False,False,,False,False,,False,,,
ZH49,False,False,,False,False,,False,,Loading at main entrance,
ZH50,False,False,,False,False,,False,,,
ZH51,False,False,,False,False,,False,,Loading at store coridor,
ZH52,False,False,,False,False,,False,,,
ZH53,False,False,,False,False,,False,,,
ZH54,False,False,,False,False,,False,,"Mall not allowed, timing limited during weekend",
ZH55,True,True,"Saturday,Sunday",True,False,,False,,Cargo lift blocking by Lotus Trolly on weekend and No delivery on weekend,
ZH56,False,False,,False,False,,False,,,
ZH57,False,False,,False,False,,False,,Loading at the parking area,
ZH58,False,False,,False,False,,False,,,
ZH59,True,True,"Saturday,Sunday",True,False,,False,,Not suitable receive stock on weekend and PH,
ZH60,False,False,,False,False,,False,,,
ZH61,False,False,,False,False,,False,,,
ZH62,False,False,,False,False,,False,,,
ZH63,False,False,,False,False,,False,,,
ZH64,True,True,"Saturday,Sunday",True,False,,False,,No receiving in weekends & PH,
ZH65,False,False,,False,False,,False,,,
ZH66,False,False,,False,False,,False,,,
ZH68,False,False,,False,False,,False,,,
ZH69,False,False,,False,False,,False,,,
ZH70,True,True,"Saturday,Sunday",True,False,,False,,No Receiving During Weekend and PH day,
ZH71,False,False,,False,False,,False,,,
ZH72,False,False,,False,False,,False,,,
ZH73,False,False,,False,False,,False,,,
ZH74,False,False,,False,False,,False,,,
ZH75,False,False,,False,False,,False,,,
ZH76,False,False,,False,False,,False,,,
ZH77,False,False,,False,False,,False,,,
ZH78,False,False,,False,False,,False,,,
ZH79,False,False,,False,False,,False,,,
ZH80,False,False,,False,False,,False,,,
ZH81,False,False,,False,False,,False,,Loading at receiving store side,
ZH82,True,False,,False,True,"No unloading at store: Friday - after 10:00am, Saturday - after 10:00am",False,,Friday and Saturday suggest transportation to arrived early to avoid loading bay congestion.,
ZH83,False,False,,False,False,,False,,,
ZH84,False,False,,False,False,,False,,,
ZH85,True,True,"Saturday,Sunday",True,False,,False,,No delivery on weekend & PH,
ZH86,False,False,,False,False,,False,,,
ZH87,False,False,,False,False,,False,,,
ZH88,False,False,,False,False,,False,,,
ZH89,False,False,,False,False,,False,,,
ZH90,False,False,,False,False,,False,,,
ZH91,False,False,,False,False,,False,,,
ZH92,False,False,,False,False,,False,,,
ZH93,False,False,,False,False,,False,,,
ZH94,False,False,,False,False,,False,,,
ZH95,False,False,,False,False,,False,,,
ZH96,False,False,,False,False,,False,,,
ZI01,False,False,,False,False,,False,,,
ZI02,False,False,,False,False,,False,,,
ZI03,False,False,,False,False,,False,,,
ZI05,False,False,,False,False,,False,,,
ZI06,False,False,,False,False,,False,,,
ZI07,False,False,,False,False,,False,,,
ZI08,False,False,,False,False,,False,,,
ZI09,False,False,,False,False,,False,,,
ZI10,False,False,,False,False,,False,,Loading at the parking area,
ZI11,False,False,,False,False,,False,,,
ZI12,True,False,,False,False,,True,1.0,Lorry 1 ton only,
ZI13,False,False,,False,False,,False,,Loading at the parking area,
ZI14,False,False,,False,False,,False,,,
ZI15,False,False,,False,False,,False,,,
ZI16,False,False,,False,False,,False,,,
ZI17,False,False,,False,False,,False,,,
ZI18,False,False,,False,False,,False,,Loading at store coridor,
ZI19,True,True,Sunday,True,False,,False,,no receiving allowed on sunday & PH,
ZI20,False,False,,False,False,,False,,,
ZI21,False,False,,False,False,,False,,,
ZI22,False,False,,False,False,,False,,,
ZI23,False,False,,False,False,,False,,,
ZI24,False,False,,False,False,,False,,,
ZI25,False,False,,False,False,,False,,,
ZI26,False,False,,False,False,,False,,,
ZI27,False,False,,False,False,,False,,,
ZI28,False,False,,False,False,,False,,,
ZI29,False,False,,False,False,,False,,Lack of parking lot on weekend .,
ZI30,False,False,,False,False,,False,,,
ZI31,True,True,"Saturday,Sunday",True,False,,False,,Not suitable receive stock on weekend and PH,
ZI32,False,False,,False,False,,False,,Loading at ground floor (Loading Bay Mall),
ZI33,False,False,,False,False,,False,,Loading at store coridor,
ZI34,False,False,,False,False,,False,,,
ZI35,False,False,,False,False,,False,,every Friday got pasar malam and not suitable to receive during rainy days,
ZI36,False,False,,False,False,,False,,,
ZI37,False,False,,False,False,,False,,,
ZI38,False,False,,False,False,,False,,,
ZI39,False,False,,False,False,,False,,,
ZI40,False,False,,False,False,,False,,Loading at ground floor,
ZI41,False,False,,False,False,,False,,Loading at store main entrance,
ZI42,False,False,,False,False,,False,,,
ZI43,False,False,,False,False,,False,,,
ZI44,False,False,,False,False,,False,,,
ZI45,True,False,,False,False,,True,3.0,Lorries of 3TAN and above cannot enter the loading bay,
ZI46,False,False,,False,False,,False,,,
ZI47,False,False,,False,False,,False,,,
ZI48,False,False,,False,False,,False,,,
ZI49,False,False,,False,False,,False,,,
ZI50,False,False,,False,False,,False,,,
ZI51,False,False,,False,False,,False,,Loading at receiving store side,
ZI52,False,False,,False,False,,False,,,
ZI53,False,False,,False,False,,False,,,
ZI54,False,False,,False,False,,False,,,
ZI55,True,True,"Saturday,Sunday",True,False,,False,,No delivery on weekend,
ZI56,False,False,,False,False,,False,,,
ZI57,True,True,"Saturday,Sunday",True,False,,False,,Mall not allowed on weekend and PH day,
ZI58,True,True,"Saturday,Sunday",True,False,,False,,No delivery on weekend,
ZI59,False,False,,False,False,,False,,,
ZI60,False,False,,False,False,,False,,,
ZI61,False,False,,False,False,,False,,,
ZI62,False,False,,False,False,,False,,Loading bay at the main entrance of the Mall,
ZI63,False,False,,False,False,,False,,,
ZI64,False,False,,False,False,,False,,,
ZI65,False,False,,False,False,,False,,,
ZI66,False,False,,False,False,,False,,,
ZI67,False,False,,False,False,,False,,,
ZI68,False,False,,False,False,,False,,,
ZI69,False,False,,False,False,,False,,,
ZI70,False,False,,False,False,,False,,,
ZI71,True,False,,False,True,"No unloading at store: Wednesday - before 12:00pm, Saturday - after 1pm",False,,( WED and SAT) have pasar pagi & pasar petang,
ZI72,False,False,,False,False,,False,,,
ZI73,False,False,,False,False,,False,,,
ZI74,False,False,,False,False,,False,,Loading at the parking area,
ZI75,False,False,,False,False,,False,,,
ZI76,False,False,,False,False,,False,,,
ZI77,True,True,"Saturday,Sunday",True,False,,False,,Mall not allowed on weekend and PH day,
ZI78,False,False,,False,False,,False,,,
ZI79,False,False,,False,False,,False,,,
ZI82,False,False,,False,False,,False,,,
ZI83,False,False,,False,False,,False,,,
ZI84,False,False,,False,False,,False,,,
ZI85,False,False,,False,False,,False,,Loading at the parking area,
ZI86,False,False,,False,False,,False,,,
ZI87,False,False,,False,False,,False,,Loading at ground floor,
ZI88,True,True,"Saturday,Sunday",True,False,,False,,No delivery on weekend,
ZI89,False,False,,False,False,,False,,Loading at main entrance.,
ZI90,False,False,,False,False,,False,,,
ZI91,False,False,,False,False,,False,,,
ZI92,False,False,,False,False,,False,,,
ZI93,False,False,,False,False,,False,,,
ZI94,False,False,,False,False,,False,,Loading at store coridor,
ZI95,True,True,"Saturday,Sunday",True,False,,False,,Not suitable receive stock on weekend and PH,
ZI96,False,False,,False,False,,False,,,
ZI98,False,False,,False,False,,False,,,
ZI99,False,False,,False,False,,False,,,
ZJ01,True,True,"Saturday,Sunday",True,False,,False,,Not suitable receive stock on weekend and PH,
ZJ02,False,False,,False,False,,False,,,
ZJ03,False,False,,False,False,,False,,,
ZJ05,False,False,,False,False,,False,,,
ZJ06,False,False,,False,False,,False,,,
ZJ07,False,False,,False,False,,False,,,
ZJ08,False,False,,False,False,,False,,,
ZJ09,True,False,,False,True,No unloading at store: Daily - 11:00am to 2:00pm,False,,Loading at the parking area. 11am till 2pm cannot loading as per Mall instruction,
ZJ10,False,False,,False,False,,False,,,
ZJ11,False,False,,False,False,,False,,,
ZJ12,False,False,,False,False,,False,,,
ZJ13,False,False,,False,False,,False,,,
ZJ16,False,False,,False,False,,False,,,
ZJ17,False,False,,False,False,,False,,,
ZJ18,False,False,,False,False,,False,,,
ZJ19,False,False,,False,False,,False,,,
ZJ20,False,False,,False,False,,False,,,
ZJ22,False,False,,False,False,,False,,Loading at the parking area,
ZJ23,False,False,,False,False,,False,,,
ZJ27,False,False,,False,False,,False,,,
ZJ28,False,False,,False,False,,False,,Loading at store coridor,
ZJ29,False,False,,False,False,,False,,,
ZJ30,False,False,,False,False,,False,,,
ZJ33,False,False,,False,False,,False,,,
ZJ34,False,False,,False,False,,False,,,
ZJ35,False,False,,False,False,,False,,Loading at store main entrance,
ZJ36,False,False,,False,False,,False,,,
ZJ37,False,False,,False,False,,False,,,
ZJ38,False,False,,False,False,,False,,Loading at main entrance,
ZJ39,False,False,,False,False,,False,,,
ZJ3B,False,False,,False,False,,False,,,
ZJ41,False,False,,False,False,,False,,,
ZJ42,False,False,,False,False,,False,,,
ZJ43,False,False,,False,False,,False,,,
ZJ44,False,False,,False,False,,False,,,
ZJ46,False,False,,False,False,,False,,,
ZJ47,False,False,,False,False,,False,,,
ZJ48,False,False,,False,False,,False,,loading Bay NSK,
ZJ51,False,False,,False,False,,False,,,
ZJ52,False,False,,False,False,,False,,,
ZJ55,False,False,,False,False,,False,,,
ZJ56,True,True,"Saturday,Sunday",True,False,,False,,Not suitable receive stock on weekend and PH,
ZJ58,False,False,,False,False,,False,,Only loading follow schedule mall,
ZJ59,False,False,,False,False,,False,,,
ZJ60,False,False,,False,False,,False,,Loading at receiving store side,
ZJ61,False,False,,False,False,,False,,,
ZJ63,False,False,,False,False,,False,,Loading at ground floor,
ZJ65,False,False,,False,False,,False,,,
ZJ66,False,False,,False,False,,False,,,
ZJ67,False,False,,False,False,,False,,,
ZJ68,False,False,,False,False,,False,,loading at side door (parking area),
ZJ69,False,False,,False,False,,False,,,
ZJ70,False,False,,False,False,,False,,,
ZJ71,False,False,,False,False,,False,,,
ZJ72,False,False,,False,False,,False,,,
ZJ73,False,False,,False,False,,False,,,
ZJ74,False,False,,False,False,,False,,,
ZJ76,False,False,,False,False,,False,,,
ZJ77,False,False,,False,False,,False,,,
ZJ78,False,False,,False,False,,False,,,
ZJ79,True,False,,False,True,"No unloading at store: Monday - after 4:30pm, Thursday - after 4:30pm",False,,Monday & Thursday start 4.30pm Pasar malam road blocking.,
ZJ80,False,False,,False,False,,False,,Loading at the parking area.,
ZJ81,False,False,,False,False,,False,,"10am-1pm boleh loading stock ja setiap jumaat ,coz pasar malam start 2pm,jalan ke kedai kita kena blok dan tak boleh masuk",Friday receiving window: 10:00am to 1:00pm only
ZJ82,False,False,,False,False,,False,,,
ZJ83,False,False,,False,False,,False,,,
ZJ84,False,False,,False,False,,False,,,
ZJ85,False,False,,False,False,,False,,,
ZJ86,False,False,,False,False,,False,,,
ZJ87,False,False,,False,False,,False,,,
ZJ88,False,False,,False,False,,False,,,
ZJ89,False,False,,False,False,,False,,,
ZJ90,False,False,,False,False,,False,,Loading at the parking area,
ZJ91,False,False,,False,False,,False,,,
ZJ92,False,False,,False,False,,False,,,
ZJ93,False,False,,False,False,,False,,,
ZJ94,False,False,,False,False,,False,,,
ZJ95,True,False,,False,True,No unloading at store: Daily - 12:00pm to 2:00pm,False,,Cargo lift closed on 12pm to 2pm,
ZJ96,False,False,,False,False,,False,,,
ZJ97,True,True,"Saturday,Sunday",False,False,,False,,No delivery on weekend,
ZJ99,False,False,,False,False,,False,,,
ZK01,False,False,,False,False,,False,,,
ZK02,False,False,,False,False,,False,,Loading at ground floor (Loading Bay Mall),
ZK03,False,False,,False,False,,False,,,
ZK06,False,False,,False,False,,False,,,
ZK07,False,False,,False,False,,False,,,
ZK08,False,False,,False,False,,False,,,
ZK09,False,False,,False,False,,False,,,
ZK11,False,False,,False,False,,False,,,
ZK12,False,False,,False,False,,False,,,
ZK14,False,False,,False,False,,False,,,
ZK15,False,False,,False,False,,False,,,
ZK16,False,False,,False,False,,False,,,
ZK17,False,False,,False,False,,False,,,
ZK18,False,False,,False,False,,False,,,
ZK19,False,False,,False,False,,False,,,
ZK20,False,False,,False,False,,False,,,
ZK21,False,False,,False,False,,False,,,
ZK22,False,False,,False,False,,False,,,
ZK23,False,False,,False,False,,False,,,
ZK24,False,False,,False,False,,False,,,
ZK25,False,False,,False,False,,False,,Loading at store main entrance,
ZK26,False,False,,False,False,,False,,,
ZK27,False,False,,False,False,,False,,,
ZK28,False,False,,False,False,,False,,,
ZK30,False,False,,False,False,,False,,,
ZK31,False,False,,False,False,,False,,,
ZK32,False,False,,False,False,,False,,,
ZK33,False,False,,False,False,,False,,Loading at store main entrance,
ZK34,False,False,,False,False,,False,,,
ZK35,False,False,,False,False,,False,,,
ZK36,False,False,,False,False,,False,,,
ZK37,False,False,,False,False,,False,,,
ZK38,False,False,,False,False,,False,,Loading at store main entrance,
ZK39,False,False,,False,False,,False,,,
ZK40,False,False,,False,False,,False,,,
ZK41,False,False,,False,False,,False,,,
ZK42,False,False,,False,False,,False,,,
ZK43,False,False,,False,False,,False,,,
ZK44,False,False,,False,False,,False,,,
ZK45,False,False,,False,False,,False,,,
ZK46,False,False,,False,False,,False,,,
ZK47,False,False,,False,False,,False,,Loading at store main entrance,
ZK48,False,False,,False,False,,False,,Loading at store main entrance,
ZK49,False,False,,False,False,,False,,Loading at store main entrance,
ZK50,False,False,,False,False,,False,,,
ZK51,False,False,,False,False,,False,,,
ZK52,False,False,,False,False,,False,,,
ZK53,False,False,,False,False,,False,,,
ZK54,False,False,,False,False,,False,,,
ZK55,False,False,,False,False,,False,,,
ZK57,False,False,,False,False,,False,,,
ZK58,False,False,,False,False,,False,,,
ZK59,False,False,,False,False,,False,,,
ZK60,False,False,,False,False,,False,,Loading at store main entrance,
ZK61,False,False,,False,False,,False,,,
ZK62,False,False,,False,False,,False,,,
ZK65,False,False,,False,False,,False,,,
ZK66,False,False,,False,False,,False,,,
ZK67,False,False,,False,False,,False,,,
ZK68,False,False,,False,False,,False,,,
ZK69,False,False,,False,False,,False,,,
ZK70,False,False,,False,False,,False,,,
ZK71,False,False,,False,False,,False,,,
ZK72,False,False,,False,False,,False,,,
ZK73,False,False,,False,False,,False,,,
ZK74,False,False,,False,False,,False,,,
ZK75,False,False,,False,False,,False,,,
ZK76,False,False,,False,False,,False,,,
ZK77,False,False,,False,False,,False,,,
ZK78,False,False,,False,False,,False,,Loading at store main entrance,
ZK79,False,False,,False,False,,False,,,
ZK80,False,False,,False,False,,False,,,
ZK81,False,False,,False,False,,False,,Loading at store main entrance,
ZK82,False,False,,False,False,,False,,,
ZK83,False,False,,False,False,,False,,,
ZK84,False,False,,False,False,,False,,,
ZK85,False,False,,False,False,,False,,,
ZK86,False,False,,False,False,,False,,,
ZK87,False,False,,False,False,,False,,,
ZK88,False,False,,False,False,,False,,,
ZK89,False,False,,False,False,,False,,,
ZK90,False,False,,False,False,,False,,,
ZK91,False,False,,False,False,,False,,,
ZK92,False,False,,False,False,,False,,,
ZK93,False,False,,False,False,,False,,,
ZK94,False,False,,False,False,,False,,,
ZK95,False,False,,False,False,,False,,,
ZK96,True,False,,False,False,,True,5.0,Maximum 5 tons lorry allowed,
ZK97,False,False,,False,False,,False,,Loading at store main entrance,
ZK98,False,False,,False,False,,False,,,
ZK99,False,False,,False,False,,False,,,
ZKA1,False,False,,False,False,,False,,,
ZKA2,False,False,,False,False,,False,,,
ZKA3,False,False,,False,False,,False,,,
ZKA4,False,False,,False,False,,False,,,
ZKA5,False,False,,False,False,,False,,,
ZKA6,False,False,,False,False,,False,,,
ZKA7,False,False,,False,False,,False,,,
ZKA8,False,False,,False,False,,False,,Loading at ground floor (Loading Bay Mall),
ZKA9,True,False,,False,False,,True,5.0,Maximum 5 tons lorry allowed,
ZKB0,False,False,,False,False,,False,,,
ZKB1,False,False,,False,False,,False,,,
ZKB2,False,False,,False,False,,False,,,
ZKB3,False,False,,False,False,,False,,,
ZKB4,False,False,,False,False,,False,,,
ZKB5,False,False,,False,False,,False,,,
ZKB6,False,False,,False,False,,False,,,
ZKB7,False,False,,False,False,,False,,,
ZKB8,False,False,,False,False,,False,,,
ZKB9,False,False,,False,False,,False,,,
ZKC0,False,False,,False,False,,False,,,
ZKC1,False,False,,False,False,,False,,,
ZKC2,False,False,,False,False,,False,,,
ZKC3,False,False,,False,False,,False,,Loading at parking area.,
ZKC4,False,False,,False,False,,False,,,
ZKC5,False,False,,False,False,,False,,,
ZKC6,False,False,,False,False,,False,,,
ZKC7,False,False,,False,False,,False,,,
ZKC8,True,False,,False,False,,True,5.0,Lorry 5 ton Below only,
ZKC9,False,False,,False,False,,False,,,
ZKD0,False,False,,False,False,,False,,,
ZKD1,False,False,,False,False,,False,,,
ZKD2,False,False,,False,False,,False,,,
ZKD3,False,False,,False,False,,False,,,
ZKD4,False,False,,False,False,,False,,,
ZKD5,False,False,,False,False,,False,,Loading at ground floor (Loading Bay Mall),
ZKD6,False,False,,False,False,,False,,,
ZKD7,False,False,,False,False,,False,,,
ZKD8,False,False,,False,False,,False,,,
ZKD9,False,False,,False,False,,False,,Laoding at store coridor,
ZKE0,False,False,,False,False,,False,,,
ZKE1,False,False,,False,False,,False,,,
ZKE2,False,False,,False,False,,False,,,
ZKE3,False,False,,False,False,,False,,,
ZKE4,False,False,,False,False,,False,,,
ZKE5,False,False,,False,False,,False,,,
ZKE6,False,False,,False,False,,False,,,
ZKE7,False,False,,False,False,,False,,,
ZKE8,False,False,,False,False,,False,,,
ZKE9,False,False,,False,False,,False,,,
ZKF0,False,False,,False,False,,False,,,
ZKF1,False,False,,False,False,,False,,,
ZKF2,False,False,,False,False,,False,,,
ZKF3,False,False,,False,False,,False,,,
ZKF4,False,False,,False,False,,False,,,
ZKF5,False,False,,False,False,,False,,,
ZKF6,False,False,,False,False,,False,,,
ZKF7,False,False,,False,False,,False,,,
ZKF8,False,False,,False,False,,False,,,
ZKF9,False,False,,False,False,,False,,,
ZKG0,False,False,,False,False,,False,,,
ZKG1,False,False,,False,False,,False,,,
ZKG2,False,False,,False,False,,False,,,
ZKG3,False,False,,False,False,,False,,,
ZKG4,False,False,,False,False,,False,,,
ZKG5,False,False,,False,False,,False,,,
ZKG6,False,False,,False,False,,False,,,
ZKG7,False,False,,False,False,,False,,,
ZKG8,False,False,,False,False,,False,,,
ZKG9,False,False,,False,False,,False,,,
ZKH0,False,False,,False,False,,False,,,
ZKH1,False,False,,False,False,,False,,,
ZKH3,False,False,,False,False,,False,,,
ZKH4,False,False,,False,False,,False,,,
ZKH5,False,False,,False,False,,False,,,
ZKH6,False,False,,False,False,,False,,,
ZKH7,False,False,,False,False,,False,,,
ZKH8,False,False,,False,False,,False,,,
ZKH9,False,False,,False,False,,False,,,
ZKI0,False,False,,False,False,,False,,,
ZKI1,False,False,,False,False,,False,,,
ZKI2,False,False,,False,False,,False,,,
ZKI3,False,False,,False,False,,False,,,
ZKI4,False,False,,False,False,,False,,,
ZKI5,False,False,,False,False,,False,,,
ZKI6,False,False,,False,False,,False,,,
ZKI7,False,False,,False,False,,False,,,
ZKI8,False,False,,False,False,,False,,,
ZKI9,False,False,,False,False,,False,,,
ZKJ2,False,False,,False,False,,False,,,
ZKJ3,False,False,,False,False,,False,,,
ZL01,False,False,,False,False,,False,,,
ZL02,False,False,,False,False,,False,,,
ZL03,False,False,,False,False,,False,,,
ZL05,False,False,,False,False,,False,,,
ZL06,True,False,,False,True,"Limited timeframe: 10:30pm to 10:00am, 3:30pm to 5:00pm",False,,Can loading after operation mall ( 10.30pm until 10.00am ) / loading from 3.30 until 5pm,
ZL07,False,False,,False,False,,False,,,
ZL08,False,False,,False,False,,False,,,
ZL09,False,False,,False,False,,False,,,
ZL10,False,False,,False,False,,False,,,
ZL11,False,False,,False,False,,False,,,
ZL12,False,False,,False,False,,False,,,
ZL13,False,False,,False,False,,False,,,
ZL14,False,False,,False,False,,False,,,
ZL15,False,False,,False,False,,False,,,
ZL16,False,False,,False,False,,False,,,
ZL17,False,False,,False,False,,False,,,
ZL18,False,False,,False,False,,False,,,
ZL19,False,False,,False,False,,False,,,
ZL20,False,False,,False,False,,False,,,
ZL21,False,False,,False,False,,False,,,
ZL22,False,False,,False,False,,False,,,
ZL23,False,False,,False,False,,False,,,
ZL24,False,False,,False,False,,False,,,
ZL25,False,False,,False,False,,False,,,
ZL26,False,False,,False,False,,False,,,
ZL27,False,False,,False,False,,False,,,
ZL28,False,False,,False,False,,False,,,
ZL29,False,False,,False,False,,False,,,
ZL30,False,False,,False,False,,False,,,
ZL31,True,True,"Saturday,Sunday",True,False,,False,,Weekend delivery requires 1 day's notice,
ZL32,False,False,,False,False,,False,,,
ZL33,False,False,,False,False,,False,,,
ZL34,True,False,,False,False,,True,5.0,Maximum 5 tons lorry allowed,
ZL35,False,False,,False,False,,False,,,
ZL36,False,False,,False,False,,False,,,
ZL37,False,False,,False,False,,False,,,
ZL38,False,False,,False,False,,False,,,
ZL39,False,False,,False,False,,False,,,
ZL40,False,False,,False,False,,False,,,
ZL41,False,False,,False,False,,False,,,
ZL42,False,False,,False,False,,False,,,
ZL43,False,False,,False,False,,False,,,
ZL44,False,False,,False,False,,False,,,
ZL45,False,False,,False,False,,False,,,
ZL46,False,False,,False,False,,False,,,
ZL47,False,False,,False,False,,False,,,
ZL48,False,False,,False,False,,False,,,
ZL49,False,False,,False,False,,False,,,
ZL50,False,False,,False,False,,False,,,
ZL51,False,False,,False,False,,False,,,
ZL52,False,False,,False,False,,False,,,
ZL53,False,False,,False,False,,False,,,
ZL54,False,False,,False,False,,False,,,
ZL55,False,False,,False,False,,False,,,
ZL56,False,False,,False,False,,False,,,
ZL57,False,False,,False,False,,False,,,
ZL58,False,False,,False,False,,False,,,
ZL59,False,False,,False,False,,False,,LOADING AT RECEIVING AREA /PARKING AREA,
ZL60,False,False,,False,False,,False,,,
ZL61,False,False,,False,False,,False,,,
ZL62,False,False,,False,False,,False,,,
ZL63,False,False,,False,False,,False,,,
ZL64,False,False,,False,False,,False,,,
ZL65,True,True,"Saturday,Sunday",True,False,,False,,On weekend and PH cannot receive by container,
ZL66,False,False,,False,False,,False,,,
ZL67,False,False,,False,False,,False,,,
ZL68,False,False,,False,False,,False,,,
ZL69,False,False,,False,False,,False,,,
ZL71,False,False,,False,False,,False,,,
ZL72,False,False,,False,False,,False,,,
ZL73,False,False,,False,False,,False,,,
ZL74,False,False,,False,False,,False,,,
ZL75,False,False,,False,False,,False,,,
ZL76,False,False,,False,False,,False,,,
ZL77,False,False,,False,False,,False,,,
ZL78,False,False,,False,False,,False,,,
ZL79,False,False,,False,False,,False,,,
ZM01,False,False,,False,False,,False,,,
ZM02,False,False,,False,False,,False,,,
ZM03,False,False,,False,False,,False,,,
ZM06,False,False,,False,False,,False,,,
ZM07,False,False,,False,False,,False,,,
ZM08,False,False,,False,False,,False,,,
ZM09,False,False,,False,False,,False,,,
ZM11,False,False,,False,False,,False,,,
ZM13,False,False,,False,False,,False,,,
ZM15,False,False,,False,False,,False,,,
ZM16,False,False,,False,False,,False,,,
ZM17,False,False,,False,False,,False,,,
ZM18,False,False,,False,False,,False,,,
ZM19,False,False,,False,False,,False,,,
ZM20,False,False,,False,False,,False,,,
ZM21,False,False,,False,False,,False,,,
ZM22,False,False,,False,False,,False,,,
ZM23,False,False,,False,False,,False,,,
ZM24,False,False,,False,False,,False,,,
ZM25,False,False,,False,False,,False,,,
ZM26,False,False,,False,False,,False,,,
ZM27,False,False,,False,False,,False,,,
ZM28,False,False,,False,False,,False,,,
ZM29,False,False,,False,False,,False,,,
ZM30,False,False,,False,False,,False,,,
ZM31,False,False,,False,False,,False,,,
ZM32,False,False,,False,False,,False,,,
ZM33,False,False,,False,False,,False,,,
ZM34,False,False,,False,False,,False,,,
ZM35,False,False,,False,False,,False,,,
ZM36,False,False,,False,False,,False,,,
ZM37,False,False,,False,False,,False,,,
ZM38,False,False,,False,False,,False,,,
ZM39,False,False,,False,False,,False,,,
ZM40,False,False,,False,False,,False,,,
ZM41,False,False,,False,False,,False,,,
ZM42,False,False,,False,False,,False,,,
ZM43,False,False,,False,False,,False,,,
ZM44,False,False,,False,False,,False,,,
ZM45,False,False,,False,False,,False,,Not suitable receive stock by container due parking space small,
ZM46,False,False,,False,False,,False,,,
ZM47,False,False,,False,False,,False,,,
ZM48,False,False,,False,False,,False,,,
ZM49,False,False,,False,False,,False,,,
ZM50,False,False,,False,False,,False,,,
ZM51,False,False,,False,False,,False,,,
ZM52,False,False,,False,False,,False,,,
ZM53,False,False,,False,False,,False,,,
ZM54,False,False,,False,False,,False,,,
ZM55,False,False,,False,False,,False,,,
ZM56,False,False,,False,False,,False,,,
ZM57,False,False,,False,False,,False,,,
ZM58,True,True,"Saturday,Sunday",True,False,,False,,Not suitable receive stock on weekend and PH,
ZM59,False,False,,False,False,,False,,,
ZM60,False,False,,False,False,,False,,,
ZM61,False,False,,False,False,,False,,,
ZM62,False,False,,False,False,,False,,,
ZM63,False,False,,False,False,,False,,,
ZM64,False,False,,False,False,,False,,,
ZM65,False,False,,False,False,,False,,,
ZM66,False,False,,False,False,,False,,,
ZM67,False,False,,False,False,,False,,,
ZM68,False,False,,False,False,,False,,,
ZM69,False,False,,False,False,,False,,,
ZM70,False,False,,False,False,,False,,,
ZM71,False,False,,False,False,,False,,,
ZM72,False,False,,False,False,,False,,,
ZM73,False,False,,False,False,,False,,,
ZM74,False,False,,False,False,,False,,,
ZM75,False,False,,False,False,,False,,,
ZM76,False,False,,False,False,,False,,,
ZM77,False,False,,False,False,,False,,,
ZM78,False,False,,False,False,,False,,,
ZM79,False,False,,False,False,,False,,,
ZM80,False,False,,False,False,,False,,,
ZM81,False,False,,False,False,,False,,,
ZM82,False,False,,False,False,,False,,,
ZM83,False,False,,False,False,,False,,,
ZM84,False,False,,False,False,,False,,,
ZM85,False,False,,False,False,,False,,,
ZM86,False,False,,False,False,,False,,,
ZM87,False,False,,False,False,,False,,,
ZM88,False,False,,False,False,,False,,,
ZM89,False,False,,False,False,,False,,,
ZM90,False,False,,False,False,,False,,,
ZM91,False,False,,False,False,,False,,,
ZM92,False,False,,False,False,,False,,,
ZM93,False,False,,False,False,,False,,,
ZM94,False,False,,False,False,,False,,,
ZT01,True,True,"Saturday,Sunday",False,False,,False,,No receiving on weekends,
ZT03,False,False,,False,False,,False,,,
ZT06,False,False,,False,False,,False,,,
ZT07,False,False,,False,False,,False,,,
ZT08,False,False,,False,False,,False,,,
ZT09,True,False,,False,True,No unloading at store: Daily - 12:00pm to 1:00pm,True,5.0,Maximum 5 tons Lorry Allowed. & Loading Bay Close 12pm - 1pm (1 Hour),
ZT10,False,False,,False,False,,False,,,
ZT11,False,False,,False,False,,False,,,
ZT12,False,False,,False,False,,False,,,
ZT13,False,False,,False,False,,False,,,
ZT15,False,False,,False,False,,False,,,
ZT16,False,False,,False,False,,False,,,
ZT17,False,False,,False,False,,False,,Cannot exceed 150 cartons,
ZT18,False,False,,False,False,,False,,Loading at ground floor,
ZT19,False,False,,False,False,,False,,,
ZT20,False,False,,False,False,,False,,,
ZT21,False,False,,False,False,,False,,Effective immediately 10am-12pm untill 12/10/2023 due to the installation & dismantle lift in the work program for Phase 2. Limitation ctn received 150 (original ctn) 30 (MHQ ctn),
ZT22,False,False,,False,False,,False,,,
ZT23,True,True,"Saturday,Sunday",True,False,,False,,No delivery on weekend,
ZT24,False,False,,False,False,,False,,,
ZT25,False,False,,False,False,,False,,,
ZT26,False,False,,False,False,,False,,,
ZT27,False,False,,False,False,,False,,,
ZT28,False,False,,False,False,,False,,,
ZT29,True,False,,False,False,,True,5.0,Maximum 5 tons lorry allowed,
ZT30,False,False,,False,False,,False,,,
ZT31,False,False,,False,False,,False,,,
ZT32,False,False,,False,False,,False,,,
ZT33,False,False,,False,False,,False,,,
ZT34,False,False,,False,False,,False,,,
ZT35,False,False,,False,False,,False,,Loading at ground floor,
ZT36,False,False,,False,False,,False,,,
ZT37,False,False,,False,False,,False,,Loading at the parking area,
ZT38,False,False,,False,False,,False,,,
ZT39,True,False,,False,True,No unloading at store: Daily - 12:00pm to 2:00pm,False,,Only 12pm to 2pm loading bay is closed.,
ZT40,False,False,,False,False,,False,,,
ZT41,False,False,,False,False,,False,,,
ZT42,False,False,,False,False,,False,,,
ZT43,False,False,,False,False,,False,,Loading at the parking area,
ZT44,False,False,,False,False,,False,,,
ZT45,False,False,,False,False,,False,,,
ZT46,False,False,,False,False,,False,,,
ZT47,False,False,,False,False,,False,,,
ZT48,False,False,,False,False,,False,,,
ZT49,False,False,,False,False,,False,,,
ZT50,False,False,,False,False,,False,,Only small lorry allowed,
ZT51,False,False,,False,False,,False,,Loading at the parking area,
ZT52,True,False,,False,True,No unloading at store: Friday - 1:00pm to 3:00pm,False,,Friday Close 1pm to 3pm,
ZT53,False,False,,False,False,,False,,Only small lorry allowed,
ZT54,False,False,,False,False,,False,,,
ZT55,False,False,,False,False,,False,,STORE USED SUPERMARKET AREA TO LOADING BAY - Limitation ctn receive = 50ctn,
ZT56,False,False,,False,False,,False,,,
ZT57,False,False,,False,False,,False,,,
ZT58,False,False,,False,False,,False,,special request trip all day,
ZT59,False,False,,False,False,,False,,,
ZT60,False,False,,False,False,,False,,,
ZT61,True,True,"Saturday,Sunday",True,False,,False,,Not suitable receive stock on weekend and PH,
ZT62,False,False,,False,False,,False,,,
ZT63,False,False,,False,False,,False,,,
ZT64,False,False,,False,False,,False,,,
ZT65,False,False,,False,False,,False,,,
ZT66,False,False,,False,False,,False,,,
ZT67,False,False,,False,False,,False,,,
ZT68,False,False,,False,False,,False,,,
ZT69,False,False,,False,False,,False,,Loading at parking area & main entrance.,
ZT70,False,False,,False,False,,False,,,
ZT71,False,False,,False,False,,False,,,
ZT72,False,False,,False,False,,False,,,
ZT73,False,False,,False,False,,False,,,
ZT74,False,False,,False,False,,False,,Loading at main entrance,
ZT75,False,False,,False,False,,False,,,
ZT76,False,False,,False,False,,False,,,
ZT77,True,True,"Saturday,Sunday",False,False,,False,,"Sat , Sun got pasar pagi No parking loading.",
ZT78,True,False,,False,False,,True,1.0,Receive stock only limit for 1 tan lorry only,
ZT79,False,False,,False,False,,False,,"Nearby Pajam Toll, timing traffic jam 8am-10am & 5pm-7pm",
ZT80,False,False,,False,False,,False,,,
ZT81,False,False,,False,False,,False,,Loading at the back of the Store.,
ZT82,False,False,,False,False,,False,,,
ZT83,False,False,,False,False,,False,,,
ZT84,False,False,,False,False,,False,,,
ZT85,False,False,,False,False,,False,,,
ZT86,False,False,,False,False,,False,,,
ZT87,False,False,,False,False,,False,,,
ZT88,False,False,,False,False,,False,,Only small lorry allowed,
ZT89,False,False,,False,False,,False,,,
ZT90,False,False,,False,False,,False,,,
ZT91,False,False,,False,False,,False,,,
ZT92,False,False,,False,False,,False,,,
ZT93,False,False,,False,False,,False,,The receiving route is within the Giant Trading area and limited spaces.,
ZT94,False,False,,False,False,,False,,Loading bay at the main entrance of the Mall,
ZT95,False,False,,False,False,,False,,,
ZT96,False,False,,False,False,,False,,,
ZT97,False,False,,False,False,,False,,,
ZT98,False,False,,False,False,,False,,,
ZT99,False,False,,False,False,,False,,,
ZTA0,False,False,,False,False,,False,,Loading at ground floor,
ZTA1,False,False,,False,False,,False,,boleh terima 50 below CTN .,
ZTA2,True,True,"Saturday,Sunday",False,False,,False,,No delivery on weekend,
ZTA3,False,False,,False,False,,False,,,
ZTA4,False,False,,False,False,,False,,Loading at Store main entrance,
ZTA5,False,False,,False,False,,False,,,
ZTA6,False,False,,False,False,,False,,,
ZTA7,True,True,"Saturday,Sunday",True,False,,False,,No delivery on weekend & PH,
ZTA8,False,False,,False,False,,False,,Loading at store main entrance,
ZTA9,True,False,,False,False,,True,1.0,Receive stock only limit for 1 tan lorry only,
ZTB0,True,True,"Saturday,Sunday",False,False,,False,,No delivery on weekend,
ZTB1,False,False,,False,False,,False,,,
ZTB2,False,False,,False,False,,False,,,
ZTB3,False,False,,False,False,,False,,,
ZTB4,False,False,,False,False,,False,,,
ZTB5,False,False,,False,False,,False,,,
ZTB6,False,False,,False,False,,False,,,
ZTB7,False,False,,False,False,,False,,Loading at receiving store side,
ZTB8,True,True,"Saturday,Sunday",True,False,,False,,Not suitable receive stock on weekend and PH,
ZTB9,False,False,,False,False,,False,,,
ZTC0,False,False,,False,False,,False,,,
ZTC1,False,False,,False,False,,False,,,
ZTC2,False,False,,False,False,,False,,,
ZTC3,False,False,,False,False,,False,,,
ZTC4,False,False,,False,False,,False,,,
ZTC5,False,False,,False,False,,False,,,
ZTC6,False,False,,False,False,,False,,,
ZTC7,False,False,,False,False,,False,,,
ZTC8,False,False,,False,False,,False,,,
ZTC9,False,False,,False,False,,False,,,
ZTD0,False,False,,False,False,,False,,,
ZTD1,False,False,,False,False,,False,,,
ZTD2,False,False,,False,False,,False,,,
ZTD3,False,False,,False,False,,False,,,
ZTD4,False,False,,False,False,,False,,,
ZTD5,False,False,,False,False,,False,,,
ZTD6,False,False,,False,False,,False,,,
ZTD7,False,False,,False,False,,False,,,
ZTD8,False,False,,False,False,,False,,,
ZTD9,False,False,,False,False,,False,,,
ZTE0,False,False,,False,False,,False,,,
ZTE1,False,False,,False,False,,False,,,
ZTE2,False,False,,False,False,,False,,,
ZTE3,False,False,,False,False,,False,,,
ZTE4,False,False,,False,False,,False,,,
ZTE5,False,False,,False,False,,False,,,
ZTE6,False,False,,False,False,,False,,,
ZTE7,False,False,,False,False,,False,,,
ZTE8,False,False,,False,False,,False,,,
ZTE9,False,False,,False,False,,False,,,
ZTF0,False,False,,False,False,,False,,,
ZTF1,False,False,,False,False,,False,,,
ZTF2,False,False,,False,False,,False,,,
ZTF3,False,False,,False,False,,False,,,
ZTF4,False,False,,False,False,,False,,,
ZTF5,False,False,,False,False,,False,,,
ZTF6,False,False,,False,False,,False,,,
ZTF7,False,False,,False,False,,False,,,
ZTF8,False,False,,False,False,,False,,,
ZTF9,False,False,,False,False,,False,,,
ZTG0,False,False,,False,False,,False,,,
ZTG1,False,False,,False,False,,False,,,
ZTG2,False,False,,False,False,,False,,,
ZTG3,False,False,,False,False,,False,,,
ZTG4,False,False,,False,False,,False,,,
ZTG5,False,False,,False,False,,False,,,
ZTG6,False,False,,False,False,,False,,,
ZTG7,False,False,,False,False,,False,,,
ZTG8,False,False,,False,False,,False,,,
ZTG9,False,False,,False,False,,False,,,
ZTH0,False,False,,False,False,,False,,,
ZTH1,False,False,,False,False,,False,,,
ZTH2,False,False,,False,False,,False,,,
ZTH3,False,False,,False,False,,False,,,
ZTH4,False,False,,False,False,,False,,,
ZTH5,False,False,,False,False,,False,,,
ZTH6,False,False,,False,False,,False,,,
ZTH7,False,False,,False,False,,False,,,
ZTH8,False,False,,False,False,,False,,,
ZTI0,False,False,,False,False,,False,,,
ZTI1,False,False,,False,False,,False,,,
ZTI2,False,False,,False,False,,False,,,
ZTI3,False,False,,False,False,,False,,,
ZTI4,False,False,,False,False,,False,,,
ZTI5,False,False,,False,False,,False,,,
ZTI6,False,False,,False,False,,False,,,
ZTI7,False,False,,False,False,,False,,,
ZTI9,False,False,,False,False,,False,,,
ZTJ0,False,False,,False,False,,False,,,
ZTJ1,False,False,,False,False,,False,,,
ZTJ2,False,False,,False,False,,False,,,
ZTJ3,False,False,,False,False,,False,,,
ZTJ4,False,False,,False,False,,False,,,
ZTJ5,False,False,,False,False,,False,,,
ZTJ6,False,False,,False,False,,False,,,
ZTJ7,False,False,,False,False,,False,,,
ZTJ8,False,False,,False,False,,False,,,
ZTJ9,False,False,,False,False,,False,,,
ZTK1,False,False,,False,False,,False,,,
ZTK3,False,False,,False,False,,False,,,
ZTK5,False,False,,False,False,,False,,,
ZTK6,False,False,,False,False,,False,,,
ZTK7,False,False,,False,False,,False,,,
ZTL4,False,False,,False,False,,False,,,
